{"printer":{"extruder_clearance_height_to_rod":"45","printhost_authorization_type":"key","curr_bed_type":"High Temp Plate","emit_machine_limits_to_gcode":"1","extruder_clearance_radius":"45","support_multi_bed_types":"0","bed_custom_texture":"","print_host":"","machine_max_speed_e":"100","parking_pos_retraction":"0","machine_LED_light_exist":"1","cooling_tube_retraction":"0","use_relative_e_distances":"1","nozzle_hrc":"0","bed_mesh_min":"-99999,-99999","nozzle_type":"brass","bed_custom_model":"","support_chamber_temp_control":"0","host_type":"octoprint","thumbnails_format":"PNG","gcode_flavor":"klipper","layer_change_gcode":";AFTER_LAYER_CHANGE\n;[layer_z]","machine_max_acceleration_retracting":"5000","machine_pause_gcode":"PAUSE","machine_max_jerk_y":"20","machine_max_acceleration_y":"20000","printhost_user":"","prime_tower_position_type":"Middle Upper","machine_max_acceleration_z":"500","cooling_tube_length":"0","creality_flush_time":"86.0","bed_mesh_probe_distance":"50,50","machine_max_acceleration_extruding":"20000","time_lapse_gcode":"","nozzle_volume":"0","change_filament_gcode":"","extra_loading_move":"0","machine_load_filament_time":"0","enable_filament_ramming":"0","machine_end_gcode":"END_PRINT","thumbnails":"96x96,300x300","printable_height":"250","disable_m73":"0","fan_kickstart":"0","use_firmware_retraction":"0","machine_max_acceleration_travel":"20000","printhost_port":"","inherits":"MyKlipper 0.4 nozzle","manual_filament_change":"0","machine_unload_filament_time":"0","machine_max_speed_z":"30","support_air_filtration":"1","flush_volumes_matrix":"0","head_wrap_detect_zone":"","printing_by_object_gcode":"","bed_exclude_area":"0x0","before_layer_change_gcode":";BEFORE_LAYER_CHANGE\n;[layer_z]\nG92 E0\n","printhost_ssl_ignore_revoke":"0","machine_platform_motion_enable":"1","machine_max_jerk_z":"5","printhost_cafile":"","default_print_profile":"0.20mm Standard","change_extrusion_role_gcode":"","bbl_use_printhost":"0","fan_speedup_time":"0","extruder_clearance_height_to_lid":"101","silent_mode":"0","fan_speedup_overhangs":"1","bed_mesh_max":"99999,99999","printer_model":"K1C","printhost_apikey":"","machine_max_speed_x":"800","printer_structure":"undefine","machine_min_extruding_rate":"0,0","best_object_pos":"0.5,0.5","preferred_orientation":"0","printer_variant":"0.4","high_current_on_filament_swap":"0","print_host_webui":"","printhost_password":"","printable_area":"0x0,220x0,220x220,0x220","time_cost":"0","machine_max_acceleration_e":"5000","machine_start_gcode":"M140 S0\nM104 S0 \nSTART_PRINT EXTRUDER_TEMP=[nozzle_temperature_initial_layer] BED_TEMP=[bed_temperature_initial_layer_single]","single_extruder_multi_material":"1","machine_max_jerk_x":"20","machine_max_speed_y":"800","machine_max_jerk_e":"10","printer_technology":"FFF","auxiliary_fan":"1","machine_min_travel_rate":"0,0","purge_in_prime_tower":"0","scan_first_layer":"0","material_flow_temp_graph":"[[3.0,210],[10.0,220],[12.0,230]]","machine_max_acceleration_x":"20000","upward_compatible_machine":"","z_offset":"0","printer_notes":"","template_custom_gcode":""},"metadata":{"inherits_from":"K1C-0.4"},"extruders":[{"engine_data":{"nozzle_diameter":"0.4","min_layer_height":"0.08","wipe":"1","retract_when_changing_layer":"1","retract_restart_extra_toolchange":"0","extruder_offset":"0x0","retract_before_wipe":"70%","retraction_speed":"40","retract_restart_extra":"0","default_filament_profile":"Hyper PLA","retraction_length":"0.6","retract_lift_enforce":"All Surfaces","retract_lift_above":"0","max_layer_height":"0.3","retract_lift_below":"0","retract_length_toolchange":"1","retraction_minimum_travel":"1","deretraction_speed":"40","extruder_colour":"#FCE94F","z_hop_types":"Auto Lift","z_hop":"0.4","wipe_distance":"1"},"metadata":{"color":4286611584,"current_material":"Hyper PLA-1.75","is_physical":true}}]}